insert into Clients (id, first_name, last_name, email, gender, favorite_genre) values (1, 'Philippine', 'Riddeough', 'priddeough0_ycombinator.com', 'Male', 'Horror Mystery Thriller');
insert into Clients (id, first_name, last_name, email, gender, favorite_genre) values (2, 'Annetta', 'Burnep', 'aburnep1_psu.edu', 'Female', 'Comedy');
insert into Clients (id, first_name, last_name, email, gender, favorite_genre) values (3, 'Freedman', 'Cubuzzi', 'fcubuzzi2_imdb.com', 'Non-binary', 'Documentary');
insert into Clients (id, first_name, last_name, email, gender, favorite_genre) values (4, 'Sidney', 'Laurenceau', 'slaurenceau3_scientificamerican.com', 'Polygender', 'Documentary');
insert into Clients (id, first_name, last_name, email, gender, favorite_genre) values (5, 'Mella', 'Garrand', 'mgarrand4_blogs.com', 'Agender', 'Action Drama War Western');
insert into Clients (id, first_name, last_name, email, gender, favorite_genre) values (6, 'Devland', 'Ashbey', 'dashbey5_intel.com', 'Agender', 'Drama');
insert into Clients (id, first_name, last_name, email, gender, favorite_genre) values (7, 'Barb', 'Dumbarton', 'bdumbarton6_clickbank.net', 'Genderqueer', 'Drama Horror');
insert into Clients (id, first_name, last_name, email, gender, favorite_genre) values (8, 'Kass', 'Witheford', 'kwitheford7_shutterfly.com', 'Agender', 'Horror Thriller');
insert into Clients (id, first_name, last_name, email, gender, favorite_genre) values (9, 'Horatia', 'Borkett', 'hborkett8_blogspot.com', 'Male', 'Drama Thriller');
insert into Clients (id, first_name, last_name, email, gender, favorite_genre) values (10, 'Lorin', 'McKelvie', 'lmckelvie9_rambler.ru', 'Agender', 'Action Horror Thriller');
insert into Clients (id, first_name, last_name, email, gender, favorite_genre) values (11, 'Ronni', 'Lashmore', 'rlashmorea_github.com', 'Male', 'Adventure Animation Drama Fantasy Sci-Fi');
insert into Clients (id, first_name, last_name, email, gender, favorite_genre) values (12, 'Carline', 'Milier', 'cmilierb_umich.edu', 'Bigender', 'Drama');
insert into Clients (id, first_name, last_name, email, gender, favorite_genre) values (13, 'Susann', 'Guillart', 'sguillartc_sphinn.com', 'Bigender', 'Children Comedy');
insert into Clients (id, first_name, last_name, email, gender, favorite_genre) values (14, 'Sheppard', 'Trett', 'strettd_forbes.com', 'Female', 'Action');
insert into Clients (id, first_name, last_name, email, gender, favorite_genre) values (15, 'Titos', 'Hinrichs', 'thinrichse_abc.net.au', 'Bigender', 'Drama Fantasy Horror');
insert into Clients (id, first_name, last_name, email, gender, favorite_genre) values (16, 'Royall', 'Feron', 'rferonf_google.co.jp', 'Polygender', 'Comedy Romance');
insert into Clients (id, first_name, last_name, email, gender, favorite_genre) values (17, 'Gretta', 'Wallbutton', 'gwallbuttong_blogs.com', 'Male', 'Comedy');
insert into Clients (id, first_name, last_name, email, gender, favorite_genre) values (18, 'Lara', 'Coniff', 'lconiffh_wikia.com', 'Genderfluid', 'Drama');
insert into Clients (id, first_name, last_name, email, gender, favorite_genre) values (19, 'Whit', 'Conley', 'wconleyi_wiley.com', 'Agender', 'Drama');
insert into Clients (id, first_name, last_name, email, gender, favorite_genre) values (20, 'Cloe', 'Giovannacc_i', 'cgiovannaccij_google.de', 'Male', 'Drama Romance');
insert into Clients (id, first_name, last_name, email, gender, favorite_genre) values (21, 'Jordon', 'MacAindreis', 'jmacaindreisk_ocn.ne.jp', 'Genderqueer', 'Comedy');
insert into Clients (id, first_name, last_name, email, gender, favorite_genre) values (22, 'Esdras', 'Fishburn', 'efishburnl_plala.or.jp', 'Bigender', 'Crime Drama Horror Mystery Thriller');
insert into Clients (id, first_name, last_name, email, gender, favorite_genre) values (23, 'Rossie', 'O''dell', 'rodellm_cloudflare.com', 'Genderfluid', 'Action Adventure Drama');
insert into Clients (id, first_name, last_name, email, gender, favorite_genre) values (24, 'Germana', 'Bassett', 'gbassettn_sourceforge.net', 'Genderfluid', 'Comedy Drama Romance');
insert into Clients (id, first_name, last_name, email, gender, favorite_genre) values (25, 'Benedick', 'Ruddle', 'bruddleo_i2i.jp', 'Male', 'Documentary');
insert into Clients (id, first_name, last_name, email, gender, favorite_genre) values (26, 'Ozzie', 'Tabour', 'otabourp_google.cn', 'Polygender', 'Comedy Drama');
insert into Clients (id, first_name, last_name, email, gender, favorite_genre) values (27, 'Cissy', 'Checkley', 'ccheckleyq_discovery.com', 'Male', 'Drama');
insert into Clients (id, first_name, last_name, email, gender, favorite_genre) values (28, 'Kaleb', 'Spino', 'kspinor_artisteer.com', 'Male', 'Crime Fantasy Horror');
insert into Clients (id, first_name, last_name, email, gender, favorite_genre) values (29, 'Ruprecht', 'Pellett', 'rpelletts_over-blog.com', 'Polygender', 'Comedy Romance');
insert into Clients (id, first_name, last_name, email, gender, favorite_genre) values (30, 'Hoebart', 'Meynell', 'hmeynellt_elegantthemes.com', 'Genderfluid', 'Adventure Western');
insert into Clients (id, first_name, last_name, email, gender, favorite_genre) values (31, 'Karlen', 'Klimowski', 'kklimowskiu_is.gd', 'Female', 'Action Drama Thriller');
insert into Clients (id, first_name, last_name, email, gender, favorite_genre) values (32, 'Rodrique', 'Kertess', 'rkertessv_washington.edu', 'Non-binary', 'Drama Sci-Fi Thriller');
insert into Clients (id, first_name, last_name, email, gender, favorite_genre) values (33, 'Malory', 'Jeskins', 'mjeskinsw_aboutads.info', 'Female', 'Drama');
insert into Clients (id, first_name, last_name, email, gender, favorite_genre) values (34, 'Bruis', 'Pentony', 'bpentonyx_wikipedia.org', 'Polygender', 'Documentary Drama');
insert into Clients (id, first_name, last_name, email, gender, favorite_genre) values (35, 'Flo', 'Pittendreigh', 'fpittendreighy_vkontakte.ru', 'Female', 'Adventure Animation Sci-Fi');
insert into Clients (id, first_name, last_name, email, gender, favorite_genre) values (36, 'Charles', 'Thomazet', 'cthomazetz_networkadvertising.org', 'Female', 'Documentary');
insert into Clients (id, first_name, last_name, email, gender, favorite_genre) values (37, 'Ethyl', 'Jarad', 'ejarad10_histats.com', 'Male', '(no genres listed)');
insert into Clients (id, first_name, last_name, email, gender, favorite_genre) values (38, 'Deloria', 'Hamblin', 'dhamblin11_archive.org', 'Agender', 'Drama');
insert into Clients (id, first_name, last_name, email, gender, favorite_genre) values (39, 'Gerrilee', 'Pawley', 'gpawley12_ca.gov', 'Female', 'Comedy Drama');
insert into Clients (id, first_name, last_name, email, gender, favorite_genre) values (40, 'Franciska', 'Nobriga', 'fnobriga13_baidu.com', 'Male', 'Comedy Musical');
insert into Clients (id, first_name, last_name, email, gender, favorite_genre) values (41, 'Donny', 'McClure', 'dmcclure14_simplemachines.org', 'Bigender', 'Action Drama Romance War');
insert into Clients (id, first_name, last_name, email, gender, favorite_genre) values (42, 'Dickie', 'Parradye', 'dparradye15_dailymail.co.uk', 'Non-binary', 'Comedy Drama Horror');
insert into Clients (id, first_name, last_name, email, gender, favorite_genre) values (43, 'Nikolos', 'Furnival', 'nfurnival16_ucsd.edu', 'Genderfluid', 'Comedy Mystery Thriller');
insert into Clients (id, first_name, last_name, email, gender, favorite_genre) values (44, 'Horten', 'Toulch', 'htoulch17_indiatimes.com', 'Female', 'Comedy Drama');
insert into Clients (id, first_name, last_name, email, gender, favorite_genre) values (45, 'Tamra', 'Pearcehouse', 'tpearcehouse18_cnn.com', 'Male', 'Thriller');
insert into Clients (id, first_name, last_name, email, gender, favorite_genre) values (46, 'Carmelia', 'Hamly', 'chamly19_freewebs.com', 'Female', 'Drama Romance');
insert into Clients (id, first_name, last_name, email, gender, favorite_genre) values (47, 'Shaylynn', 'Rickeard', 'srickeard1a_google.ru', 'Non-binary', 'Drama');
insert into Clients (id, first_name, last_name, email, gender, favorite_genre) values (48, 'Eleanora', 'Chamberlayne', 'echamberlayne1b_cdbaby.com', 'Female', 'Drama');
insert into Clients (id, first_name, last_name, email, gender, favorite_genre) values (49, 'Katherina', 'Freda', 'kfreda1c_bbb.org', 'Bigender', 'Drama');
insert into Clients (id, first_name, last_name, email, gender, favorite_genre) values (50, 'Heath', 'Hefferan', 'hhefferan1d_surveymonkey.com', 'Bigender', 'Comedy Drama');
insert into Clients (id, first_name, last_name, email, gender, favorite_genre) values (51, 'Dulcia', 'Piet', 'dpiet1e_blogspot.com', 'Agender', 'Comedy');
insert into Clients (id, first_name, last_name, email, gender, favorite_genre) values (52, 'Guy', 'Ateridge', 'gateridge1f_blogspot.com', 'Female', 'Drama');
insert into Clients (id, first_name, last_name, email, gender, favorite_genre) values (53, 'Carlie', 'Smiley', 'csmiley1g_ft.com', 'Bigender', 'Comedy Crime Drama');
insert into Clients (id, first_name, last_name, email, gender, favorite_genre) values (54, 'Irvine', 'Jollye', 'ijollye1h_qq.com', 'Genderfluid', 'Comedy Romance');
insert into Clients (id, first_name, last_name, email, gender, favorite_genre) values (55, 'Maxy', 'Cordelette', 'mcordelette1i_nature.com', 'Male', 'Drama Thriller');
insert into Clients (id, first_name, last_name, email, gender, favorite_genre) values (56, 'Angelia', 'Boulds', 'aboulds1j_chicagotribune.com', 'Agender', 'Crime Thriller');
insert into Clients (id, first_name, last_name, email, gender, favorite_genre) values (57, 'Beck', 'Braithwaite', 'bbraithwaite1k_mapy.cz', 'Genderqueer', 'Comedy');
insert into Clients (id, first_name, last_name, email, gender, favorite_genre) values (58, 'Teresa', 'Walewski', 'twalewski1l_skype.com', 'Polygender', 'Drama Romance');
insert into Clients (id, first_name, last_name, email, gender, favorite_genre) values (59, 'Loreen', 'Averies', 'laveries1m_addtoany.com', 'Polygender', 'Drama');
insert into Clients (id, first_name, last_name, email, gender, favorite_genre) values (60, 'Sofia', 'Wagnerin', 'swagnerin1n_ucsd.edu', 'Female', 'Comedy');
insert into Clients (id, first_name, last_name, email, gender, favorite_genre) values (61, 'Arney', 'Rikel', 'arikel1o_blogspot.com', 'Polygender', 'Drama');
insert into Clients (id, first_name, last_name, email, gender, favorite_genre) values (62, 'Christian', 'Yerrill', 'cyerrill1p_sitemeter.com', 'Genderqueer', 'Drama');
insert into Clients (id, first_name, last_name, email, gender, favorite_genre) values (63, 'Arnold', 'Gifkins', 'agifkins1q_examiner.com', 'Female', 'Comedy');
insert into Clients (id, first_name, last_name, email, gender, favorite_genre) values (64, 'Lian', 'Fosbraey', 'lfosbraey1r_biglobe.ne.jp', 'Polygender', 'Drama');
insert into Clients (id, first_name, last_name, email, gender, favorite_genre) values (65, 'Hillyer', 'MacKettrick', 'hmackettrick1s_bloglovin.com', 'Polygender', 'Drama');
insert into Clients (id, first_name, last_name, email, gender, favorite_genre) values (66, 'Raphael', 'Elphinstone', 'relphinstone1t_histats.com', 'Male', 'Action Adventure Animation Children Comedy Romance');
insert into Clients (id, first_name, last_name, email, gender, favorite_genre) values (67, 'Jesse', 'Mathe', 'jmathe1u_arstechnica.com', 'Agender', 'Drama');
insert into Clients (id, first_name, last_name, email, gender, favorite_genre) values (68, 'Klaus', 'Sibylla', 'ksibylla1v_disqus.com', 'Non-binary', 'Horror Sci-Fi');
insert into Clients (id, first_name, last_name, email, gender, favorite_genre) values (69, 'Marlowe', 'Skae', 'mskae1w_wordpress.com', 'Polygender', 'Action Drama');
insert into Clients (id, first_name, last_name, email, gender, favorite_genre) values (70, 'Valdemar', 'Lemme', 'vlemme1x_imageshack.us', 'Genderfluid', 'Comedy Drama');

insert into Books (id, author, genre) values (1, 'Allan Tanman', 'Drama');
insert into Books (id, author, genre) values (2, 'Flor Jouanny', 'Comedy Drama');
insert into Books (id, author, genre) values (3, 'Algernon Willacot', 'Adventure Comedy');
insert into Books (id, author, genre) values (4, 'Fay Beckhurst', 'Comedy');
insert into Books (id, author, genre) values (5, 'Jeramie Kibby', 'Comedy Drama Horror Thriller');
insert into Books (id, author, genre) values (6, 'Sal Leneham', 'Horror Thriller');
insert into Books (id, author, genre) values (7, 'Dorry Human', 'Drama');
insert into Books (id, author, genre) values (8, 'Priscella Gamwell', 'Comedy Drama');
insert into Books (id, author, genre) values (9, 'Fania Elvin', 'Crime Drama Film-Noir');
insert into Books (id, author, genre) values (10, 'Dyna Jenkin', 'Documentary');
insert into Books (id, author, genre) values (11, 'Valerye Dupoy', 'Crime Drama');
insert into Books (id, author, genre) values (12, 'Jecho Brackenridge', 'Documentary');
insert into Books (id, author, genre) values (13, 'Antony Sicha', 'Drama');
insert into Books (id, author, genre) values (14, 'Ogdan MacQueen', 'Action Thriller');
insert into Books (id, author, genre) values (15, 'Paolo Bartlomieczak', 'Comedy Drama');
insert into Books (id, author, genre) values (16, 'Vidovik Raine', 'Drama');
insert into Books (id, author, genre) values (17, 'Friedrick Sutheran', 'Drama');
insert into Books (id, author, genre) values (18, 'Byran Aberkirdo', 'Horror Thriller');
insert into Books (id, author, genre) values (19, 'Shirline Lackeye', 'Comedy Drama');
insert into Books (id, author, genre) values (20, 'Reiko Beche', 'Thriller');
insert into Books (id, author, genre) values (21, 'Shae Bartelet', 'Drama');
insert into Books (id, author, genre) values (22, 'Haze Ralston', 'Fantasy Horror');
insert into Books (id, author, genre) values (23, 'Perceval Mauchline', 'Horror Mystery Sci-Fi');
insert into Books (id, author, genre) values (24, 'Norrie McTiernan', 'Drama');
insert into Books (id, author, genre) values (25, 'Meredith Netting', 'Comedy');
insert into Books (id, author, genre) values (26, 'Fair Pergens', 'Drama Romance');
insert into Books (id, author, genre) values (27, 'Carri Fyrth', 'Action Drama');
insert into Books (id, author, genre) values (28, 'Talbert Eddolls', 'Horror Thriller');
insert into Books (id, author, genre) values (29, 'Brody Tomsett', 'Drama Romance');
insert into Books (id, author, genre) values (30, 'Christiano Kinneally', 'Action Animation Children Fantasy Sci-Fi');
insert into Books (id, author, genre) values (31, 'Kit Scocroft', 'Drama');
insert into Books (id, author, genre) values (32, 'Lester Badsworth', 'Horror');
insert into Books (id, author, genre) values (33, 'Coretta Lemerle', 'Documentary');
insert into Books (id, author, genre) values (34, 'Eulalie Corwin', 'Drama');
insert into Books (id, author, genre) values (35, 'Deni Binden', 'Comedy Drama Fantasy Romance');
insert into Books (id, author, genre) values (36, 'Joelie Rand', 'Action Drama War');
insert into Books (id, author, genre) values (37, 'Idell Harry', 'Action');
insert into Books (id, author, genre) values (38, 'Myrvyn Pyser', 'Drama Mystery');
insert into Books (id, author, genre) values (39, 'Farley Jost', 'Crime Drama Thriller');
insert into Books (id, author, genre) values (40, 'Julie Elles', 'Drama');
insert into Books (id, author, genre) values (41, 'Burnard Bampton', 'Comedy Drama');
insert into Books (id, author, genre) values (42, 'Adria Wellbank', 'Comedy');
insert into Books (id, author, genre) values (43, 'Pate Groarty', 'Animation Children');
insert into Books (id, author, genre) values (44, 'Jory Allard', 'Animation Musical Romance');
insert into Books (id, author, genre) values (45, 'Zabrina Jakoubek', 'Drama Thriller');
insert into Books (id, author, genre) values (46, 'Kania Beseke', 'Action Thriller');
insert into Books (id, author, genre) values (47, 'Elianore Joynt', 'Action Crime Thriller');
insert into Books (id, author, genre) values (48, 'Thaddus Guion', 'Documentary');
insert into Books (id, author, genre) values (49, 'Yasmeen Necrews', 'Horror Sci-Fi');
insert into Books (id, author, genre) values (50, 'Carolus Kelinge', 'Western');
insert into Books (id, author, genre) values (51, 'Jessie Halleybone', 'Action');
insert into Books (id, author, genre) values (52, 'Vachel Salandino', 'Drama');
insert into Books (id, author, genre) values (53, 'Luigi Lillgard', 'Comedy Drama Romance');
insert into Books (id, author, genre) values (54, 'Feodora Lindsley', 'Comedy');
insert into Books (id, author, genre) values (55, 'Merralee Lehrer', 'Action Romance Western');
insert into Books (id, author, genre) values (56, 'Shea Wicks', 'Action Adventure Comedy Romance');
insert into Books (id, author, genre) values (57, 'Vanny Gaucher', 'Comedy');
insert into Books (id, author, genre) values (58, 'Briggs Fosdyke', 'Drama');
insert into Books (id, author, genre) values (59, 'Florentia Androck', 'Drama');
insert into Books (id, author, genre) values (60, 'Antonin Kilfeather', 'Documentary');
insert into Books (id, author, genre) values (61, 'Ricki Gunther', 'Drama Mystery Thriller War');
insert into Books (id, author, genre) values (62, 'Abbye Beere', 'Horror Mystery Thriller');
insert into Books (id, author, genre) values (63, 'Carmelita Mockford', '(no genres listed)');
insert into Books (id, author, genre) values (64, 'Ardys Axtonne', 'Drama');
insert into Books (id, author, genre) values (65, 'Fitzgerald Dudley', 'Horror');
insert into Books (id, author, genre) values (66, 'Dyana Freemantle', 'Comedy');
insert into Books (id, author, genre) values (67, 'Albert MacMillan', 'Animation Comedy');
insert into Books (id, author, genre) values (68, 'Rora Moorman', 'Crime Drama Fantasy Thriller');
insert into Books (id, author, genre) values (69, 'Julie Phythean', 'Comedy');
insert into Books (id, author, genre) values (70, 'Faustine Greenhowe', 'Comedy Drama War');
insert into Books (id, author, genre) values (71, 'Cobby Dwyer', 'Action Drama');
insert into Books (id, author, genre) values (72, 'Kathy Najera', 'Action Horror');
insert into Books (id, author, genre) values (73, 'Andi Medlar', 'Comedy Fantasy Romance');
insert into Books (id, author, genre) values (74, 'Dolph Portman', 'Action');
insert into Books (id, author, genre) values (75, 'Mattheus Laffan', 'Action Western');
insert into Books (id, author, genre) values (76, 'Ruthy Swalowe', 'Drama');
insert into Books (id, author, genre) values (77, 'Daren Undrill', 'Drama Romance');
insert into Books (id, author, genre) values (78, 'Felizio Gosneye', 'Comedy Crime');
insert into Books (id, author, genre) values (79, 'Dennison Bunney', 'Drama Horror Romance');
insert into Books (id, author, genre) values (80, 'Krissie Wiltsher', 'Adventure Animation Children');
insert into Books (id, author, genre) values (81, 'Cristobal Bumford', 'Comedy Drama');
insert into Books (id, author, genre) values (82, 'Ferdy Bernardino', 'Drama');
insert into Books (id, author, genre) values (83, 'Vanda Bonick', 'Drama');
insert into Books (id, author, genre) values (84, 'Reeba Snary', 'Comedy');
insert into Books (id, author, genre) values (85, 'Branden Begg', 'Drama Romance');
insert into Books (id, author, genre) values (86, 'Wilbert Bredes', 'Documentary');
insert into Books (id, author, genre) values (87, 'Pryce Burfitt', 'Comedy Drama');
insert into Books (id, author, genre) values (88, 'Uri Vickery', 'Crime Horror Sci-Fi');
insert into Books (id, author, genre) values (89, 'Ike Shewen', 'Drama');
insert into Books (id, author, genre) values (90, 'Nanni Jozsef', 'Horror Thriller');
insert into Books (id, author, genre) values (91, 'Romeo Slark', 'Drama Sci-Fi');
insert into Books (id, author, genre) values (92, 'Merl Vowles', 'Drama');
insert into Books (id, author, genre) values (93, 'Kathy Luney', 'Comedy Drama Romance');
insert into Books (id, author, genre) values (94, 'Alexi Warwick', 'Action Comedy');
insert into Books (id, author, genre) values (95, 'Tedi Rand', 'Adventure Animation Children');
insert into Books (id, author, genre) values (96, 'Lynnelle Whyatt', 'Drama');
insert into Books (id, author, genre) values (97, 'Henryetta D''Arrigo', 'Drama');
insert into Books (id, author, genre) values (98, 'Bobbee Baudacci', 'Drama Musical');
insert into Books (id, author, genre) values (99, 'Suzann Seefeldt', 'Drama');
insert into Books (id, author, genre) values (100, 'Hasty Tolerton', 'Romance');

insert into Librarys (id, city, address) values (1, 'Hudlice', '04 Atwood Parkway');
insert into Librarys (id, city, address) values (2, 'Vilca', '4 Dawn Terrace');
insert into Librarys (id, city, address) values (3, 'Yangdu', '4 Oxford Circle');
insert into Librarys (id, city, address) values (4, 'São Joaquim da Barra', '93 Ruskin Way');
insert into Librarys (id, city, address) values (5, 'Jarada', '08 Wayridge Center');
insert into Librarys (id, city, address) values (6, 'Arlöv', '74691 Pennsylvania Crossing');
insert into Librarys (id, city, address) values (7, 'Port-de-Bouc', '08 Carioca Pass');
insert into Librarys (id, city, address) values (8, 'Jungutbatu Kaja Dua', '08 Talmadge Junction');
insert into Librarys (id, city, address) values (9, 'Laba Goumen', '431 Mccormick Alley');
insert into Librarys (id, city, address) values (10, 'Khān Shaykhūn', '8136 Holmberg Crossing');
insert into Librarys (id, city, address) values (11, 'Zhouhe', '30657 Bobwhite Pass');
insert into Librarys (id, city, address) values (12, 'Qidi', '731 Myrtle Place');
insert into Librarys (id, city, address) values (13, 'Tegalsari', '64 Meadow Valley Crossing');
insert into Librarys (id, city, address) values (14, 'Vila do Maio', '84 Shelley Junction');
insert into Librarys (id, city, address) values (15, 'Borås', '192 Oxford Court');
insert into Librarys (id, city, address) values (16, 'Terny', '143 Mariners Cove Parkway');
insert into Librarys (id, city, address) values (17, 'Belize City', '965 Bellgrove Trail');
insert into Librarys (id, city, address) values (18, 'Duqiong', '6395 Forest Dale Lane');
insert into Librarys (id, city, address) values (19, 'Pará de Minas', '5677 Talmadge Center');
insert into Librarys (id, city, address) values (20, 'Dalu', '25 Randy Crossing');
insert into Librarys (id, city, address) values (21, 'Vale', '074 Chive Trail');
insert into Librarys (id, city, address) values (22, 'Silveiros', '4 Larry Crossing');
insert into Librarys (id, city, address) values (23, 'Kedungbacin', '7 Northland Point');
insert into Librarys (id, city, address) values (24, 'Miyako', '2 Hintze Junction');
insert into Librarys (id, city, address) values (25, 'Kraczkowa', '06653 Eastwood Crossing');
insert into Librarys (id, city, address) values (26, 'Tambovka', '20707 Ilene Terrace');
insert into Librarys (id, city, address) values (27, 'Baorixile', '6 Blaine Avenue');
insert into Librarys (id, city, address) values (28, 'Balading', '13866 Monterey Plaza');
insert into Librarys (id, city, address) values (29, 'Mayingzhuang', '3 Stoughton Crossing');
insert into Librarys (id, city, address) values (30, 'Qingzhou', '62 Prentice Parkway');
insert into Librarys (id, city, address) values (31, 'Aţ Ţurrah', '28 Packers Parkway');
insert into Librarys (id, city, address) values (32, 'Ford', '66988 Dorton Place');
insert into Librarys (id, city, address) values (33, 'Jinshan', '0 Stoughton Park');
insert into Librarys (id, city, address) values (34, 'Henglu', '3 Union Parkway');
insert into Librarys (id, city, address) values (35, 'Buenaventura', '06 Bobwhite Park');
insert into Librarys (id, city, address) values (36, 'Juiz de Fora', '977 Maple Avenue');
insert into Librarys (id, city, address) values (37, 'Jawa', '12381 Grim Point');
insert into Librarys (id, city, address) values (38, 'Tudela', '6 Caliangt Hill');
insert into Librarys (id, city, address) values (39, 'Porto Seguro', '74147 David Crossing');
insert into Librarys (id, city, address) values (40, 'Champagnole', '19 Gulseth Street');
insert into Librarys (id, city, address) values (41, 'Gaofeng', '76 Crowley Junction');
insert into Librarys (id, city, address) values (42, 'Tambangan', '90553 Badeau Place');
insert into Librarys (id, city, address) values (43, 'Qianqiao', '7 Browning Junction');
insert into Librarys (id, city, address) values (44, 'Valencia', '687 Debra Hill');
insert into Librarys (id, city, address) values (45, 'Youyang', '9946 Ohio Point');
insert into Librarys (id, city, address) values (46, 'Longping', '069 Shasta Junction');
insert into Librarys (id, city, address) values (47, 'Lyntupy', '045 Victoria Point');
insert into Librarys (id, city, address) values (48, 'Grytviken', '207 David Pass');
insert into Librarys (id, city, address) values (49, 'Cibangban Girang', '04 Sugar Circle');
insert into Librarys (id, city, address) values (50, 'Mawlamyine', '44146 Doe Crossing Way');
insert into Librarys (id, city, address) values (51, 'Dhībīn', '67 Sommers Alley');
insert into Librarys (id, city, address) values (52, 'New York City', '7390 Oxford Place');
insert into Librarys (id, city, address) values (53, 'Oropéndolas', '8179 Cascade Hill');
insert into Librarys (id, city, address) values (54, 'Taipalsaari', '19520 Burning Wood Parkway');
insert into Librarys (id, city, address) values (55, 'Barroco', '894 Mallory Plaza');
insert into Librarys (id, city, address) values (56, 'Mustvee', '4415 Fuller Drive');
insert into Librarys (id, city, address) values (57, 'Al Fandaqūmīyah', '5304 Eagle Crest Road');
insert into Librarys (id, city, address) values (58, 'Al Fūlah', '29 Continental Trail');
insert into Librarys (id, city, address) values (59, 'Göteborg', '14041 Hanover Pass');
insert into Librarys (id, city, address) values (60, 'Qarqīn', '916 Macpherson Pass');
insert into Librarys (id, city, address) values (61, 'San Isidro', '593 Fallview Pass');
insert into Librarys (id, city, address) values (62, 'Krasnopillya', '1378 Butternut Street');
insert into Librarys (id, city, address) values (63, 'Amahusu', '552 Fairview Circle');
insert into Librarys (id, city, address) values (64, 'Kolmården', '23 Victoria Terrace');
insert into Librarys (id, city, address) values (65, 'Amu Gulang Baolige', '64026 Forest Dale Crossing');
insert into Librarys (id, city, address) values (66, 'Heishan', '3285 Hoard Alley');
insert into Librarys (id, city, address) values (67, 'Higashine', '6951 Transport Circle');
insert into Librarys (id, city, address) values (68, 'Lubowidz', '824 Gulseth Court');
insert into Librarys (id, city, address) values (69, 'Nazrēt', '8 Spaight Trail');
insert into Librarys (id, city, address) values (70, 'Hexi', '906 Buell Plaza');
insert into Librarys (id, city, address) values (71, 'Tugdan', '949 Almo Crossing');
insert into Librarys (id, city, address) values (72, 'Jiaze', '7866 Tony Way');
insert into Librarys (id, city, address) values (73, 'Meijiang', '82 Almo Hill');
insert into Librarys (id, city, address) values (74, 'Uthai Thani', '82251 Brentwood Center');
insert into Librarys (id, city, address) values (75, 'Tegalalang', '680 Hooker Drive');
insert into Librarys (id, city, address) values (76, 'Železniki', '0 Sommers Plaza');
insert into Librarys (id, city, address) values (77, 'Malausma Kidul', '344 Spaight Point');
insert into Librarys (id, city, address) values (78, 'Ventersdorp', '52821 Badeau Crossing');
insert into Librarys (id, city, address) values (79, 'La Broquerie', '84849 Crescent Oaks Hill');
insert into Librarys (id, city, address) values (80, 'Pruszcz', '336 Corry Lane');
insert into Librarys (id, city, address) values (81, 'Oleiros', '055 Bowman Trail');
insert into Librarys (id, city, address) values (82, 'Týn nad Vltavou', '97346 Fuller Crossing');
insert into Librarys (id, city, address) values (83, 'Shetangpo', '6245 Waubesa Parkway');
insert into Librarys (id, city, address) values (84, 'Darpas', '1171 Clyde Gallagher Plaza');
insert into Librarys (id, city, address) values (85, 'Qionghu', '5 Forest Dale Pass');
insert into Librarys (id, city, address) values (86, 'Hŭngju-dong', '94284 Anhalt Junction');
insert into Librarys (id, city, address) values (87, 'Hanyuan', '70904 Mesta Parkway');
insert into Librarys (id, city, address) values (88, 'Gongchang', '56150 Artisan Circle');
insert into Librarys (id, city, address) values (89, 'Mollas', '6 Sauthoff Junction');
insert into Librarys (id, city, address) values (90, 'Siasi', '0170 Maryland Drive');
insert into Librarys (id, city, address) values (91, 'Shali', '4066 3rd Street');
insert into Librarys (id, city, address) values (92, 'Piaocao', '9 Luster Hill');
insert into Librarys (id, city, address) values (93, 'Valencia', '9 Northfield Terrace');
insert into Librarys (id, city, address) values (94, 'Tunggulsari', '18103 Mccormick Hill');
insert into Librarys (id, city, address) values (95, 'Sokol', '1156 Harbort Trail');
insert into Librarys (id, city, address) values (96, 'Astorga', '2 Derek Center');
insert into Librarys (id, city, address) values (97, 'San Isidro', '63366 Monterey Street');
insert into Librarys (id, city, address) values (98, 'Xiatuanpu', '9780 Rutledge Parkway');
insert into Librarys (id, city, address) values (99, 'Chavdar', '69203 Northwestern Court');
insert into Librarys (id, city, address) values (100, 'Médanos', '589 Aberg Trail');

insert into LibraryBooks (book_id, library_id) values (1, 1);
insert into LibraryBooks (book_id, library_id) values (2, 2);
insert into LibraryBooks (book_id, library_id) values (3, 3);
insert into LibraryBooks (book_id, library_id) values (4, 4);
insert into LibraryBooks (book_id, library_id) values (5, 5);
insert into LibraryBooks (book_id, library_id) values (6, 6);
insert into LibraryBooks (book_id, library_id) values (7, 7);
insert into LibraryBooks (book_id, library_id) values (8, 8);
insert into LibraryBooks (book_id, library_id) values (9, 9);
insert into LibraryBooks (book_id, library_id) values (10, 10);
insert into LibraryBooks (book_id, library_id) values (11, 11);
insert into LibraryBooks (book_id, library_id) values (12, 12);
insert into LibraryBooks (book_id, library_id) values (13, 13);
insert into LibraryBooks (book_id, library_id) values (14, 14);
insert into LibraryBooks (book_id, library_id) values (15, 15);
insert into LibraryBooks (book_id, library_id) values (16, 16);
insert into LibraryBooks (book_id, library_id) values (17, 17);
insert into LibraryBooks (book_id, library_id) values (18, 18);
insert into LibraryBooks (book_id, library_id) values (19, 19);
insert into LibraryBooks (book_id, library_id) values (20, 20);
insert into LibraryBooks (book_id, library_id) values (21, 21);
insert into LibraryBooks (book_id, library_id) values (22, 22);
insert into LibraryBooks (book_id, library_id) values (23, 23);
insert into LibraryBooks (book_id, library_id) values (24, 24);
insert into LibraryBooks (book_id, library_id) values (25, 25);
insert into LibraryBooks (book_id, library_id) values (26, 26);
insert into LibraryBooks (book_id, library_id) values (27, 27);
insert into LibraryBooks (book_id, library_id) values (28, 28);
insert into LibraryBooks (book_id, library_id) values (29, 29);
insert into LibraryBooks (book_id, library_id) values (30, 30);
insert into LibraryBooks (book_id, library_id) values (31, 31);
insert into LibraryBooks (book_id, library_id) values (32, 32);
insert into LibraryBooks (book_id, library_id) values (33, 33);
insert into LibraryBooks (book_id, library_id) values (34, 34);
insert into LibraryBooks (book_id, library_id) values (35, 35);
insert into LibraryBooks (book_id, library_id) values (36, 36);
insert into LibraryBooks (book_id, library_id) values (37, 37);
insert into LibraryBooks (book_id, library_id) values (38, 38);
insert into LibraryBooks (book_id, library_id) values (39, 39);
insert into LibraryBooks (book_id, library_id) values (40, 40);
insert into LibraryBooks (book_id, library_id) values (41, 41);
insert into LibraryBooks (book_id, library_id) values (42, 42);
insert into LibraryBooks (book_id, library_id) values (43, 43);
insert into LibraryBooks (book_id, library_id) values (44, 44);
insert into LibraryBooks (book_id, library_id) values (45, 45);
insert into LibraryBooks (book_id, library_id) values (46, 46);
insert into LibraryBooks (book_id, library_id) values (47, 47);
insert into LibraryBooks (book_id, library_id) values (48, 48);
insert into LibraryBooks (book_id, library_id) values (49, 49);
insert into LibraryBooks (book_id, library_id) values (50, 50);
insert into LibraryBooks (book_id, library_id) values (51, 51);
insert into LibraryBooks (book_id, library_id) values (52, 52);
insert into LibraryBooks (book_id, library_id) values (53, 53);
insert into LibraryBooks (book_id, library_id) values (54, 54);
insert into LibraryBooks (book_id, library_id) values (55, 55);
insert into LibraryBooks (book_id, library_id) values (56, 56);
insert into LibraryBooks (book_id, library_id) values (57, 57);
insert into LibraryBooks (book_id, library_id) values (58, 58);
insert into LibraryBooks (book_id, library_id) values (59, 59);
insert into LibraryBooks (book_id, library_id) values (60, 60);
insert into LibraryBooks (book_id, library_id) values (61, 61);
insert into LibraryBooks (book_id, library_id) values (62, 62);
insert into LibraryBooks (book_id, library_id) values (63, 63);
insert into LibraryBooks (book_id, library_id) values (64, 64);
insert into LibraryBooks (book_id, library_id) values (65, 65);
insert into LibraryBooks (book_id, library_id) values (66, 66);
insert into LibraryBooks (book_id, library_id) values (67, 67);
insert into LibraryBooks (book_id, library_id) values (68, 68);
insert into LibraryBooks (book_id, library_id) values (69, 69);
insert into LibraryBooks (book_id, library_id) values (70, 70);
insert into LibraryBooks (book_id, library_id) values (71, 71);
insert into LibraryBooks (book_id, library_id) values (72, 72);
insert into LibraryBooks (book_id, library_id) values (73, 73);
insert into LibraryBooks (book_id, library_id) values (74, 74);
insert into LibraryBooks (book_id, library_id) values (75, 75);
insert into LibraryBooks (book_id, library_id) values (76, 76);
insert into LibraryBooks (book_id, library_id) values (77, 77);
insert into LibraryBooks (book_id, library_id) values (78, 78);
insert into LibraryBooks (book_id, library_id) values (79, 79);
insert into LibraryBooks (book_id, library_id) values (80, 80);
insert into LibraryBooks (book_id, library_id) values (81, 81);
insert into LibraryBooks (book_id, library_id) values (82, 82);
insert into LibraryBooks (book_id, library_id) values (83, 83);
insert into LibraryBooks (book_id, library_id) values (84, 84);
insert into LibraryBooks (book_id, library_id) values (85, 85);
insert into LibraryBooks (book_id, library_id) values (86, 86);
insert into LibraryBooks (book_id, library_id) values (87, 87);
insert into LibraryBooks (book_id, library_id) values (88, 88);
insert into LibraryBooks (book_id, library_id) values (89, 89);
insert into LibraryBooks (book_id, library_id) values (90, 90);
insert into LibraryBooks (book_id, library_id) values (91, 91);
insert into LibraryBooks (book_id, library_id) values (92, 92);
insert into LibraryBooks (book_id, library_id) values (93, 93);
insert into LibraryBooks (book_id, library_id) values (94, 94);
insert into LibraryBooks (book_id, library_id) values (95, 95);
insert into LibraryBooks (book_id, library_id) values (96, 96);
insert into LibraryBooks (book_id, library_id) values (97, 97);
insert into LibraryBooks (book_id, library_id) values (98, 98);
insert into LibraryBooks (book_id, library_id) values (99, 99);
insert into LibraryBooks (book_id, library_id) values (100, 100);
